"First Name","Last Name",Email,"Shift Region","Start Date","Start Time","End Date","End Time","All Day Event",Hours
Oli,Gurmessa,gurm1658@stthomas.edu,"Ireland Duty",2025-12-28,"08:00:00 PM",2025-12-29,"08:00:00 AM",False,12
Oli,Gurmessa,gurm1658@stthomas.edu,"Ireland Duty",2026-01-01,"08:00:00 PM",2026-01-02,"08:00:00 AM",False,12
Oli,Gurmessa,gurm1658@stthomas.edu,"Ireland Duty",2025-12-10,"04:30:00 PM",2025-12-11,"08:00:00 AM",False,15.5
Oli,Gurmessa,gurm1658@stthomas.edu,"Ireland Duty",2025-12-09,"04:30:00 PM",2025-12-10,"08:00:00 AM",False,15.5
Oli,Gurmessa,gurm1658@stthomas.edu,"Ireland Duty",2026-01-02,"08:00:00 PM",2026-01-03,"08:00:00 AM",False,12
Oli,Gurmessa,gurm1658@stthomas.edu,"Ireland Duty",2026-01-03,"08:00:00 PM",2026-01-04,"08:00:00 AM",False,12
Oli,Gurmessa,gurm1658@stthomas.edu,"Ireland Duty",2026-01-04,"08:00:00 PM",2026-01-05,"08:00:00 AM",False,12
Oli,Gurmessa,gurm1658@stthomas.edu,"Ireland Duty",2026-01-05,"08:00:00 PM",2026-01-06,"08:00:00 AM",False,12
Oli,Gurmessa,gurm1658@stthomas.edu,"Ireland Duty",2026-01-30,"04:30:00 PM",2026-01-31,"08:00:00 AM",False,15.5
Oli,Gurmessa,gurm1658@stthomas.edu,"Ireland Duty",2026-01-31,"04:30:00 PM",2026-02-01,"08:00:00 AM",False,15.5
Oli,Gurmessa,gurm1658@stthomas.edu,"Ireland Duty",2026-02-04,"04:30:00 PM",2026-02-05,"08:00:00 AM",False,15.5
Oli,Gurmessa,gurm1658@stthomas.edu,"Ireland Duty",2026-02-12,"04:30:00 PM",2026-02-13,"08:00:00 AM",False,15.5
Oli,Gurmessa,gurm1658@stthomas.edu,"Ireland Duty",2026-02-18,"04:30:00 PM",2026-02-19,"08:00:00 AM",False,15.5
Oli,Gurmessa,gurm1658@stthomas.edu,"Ireland Duty",2026-02-27,"04:30:00 PM",2026-02-28,"08:00:00 AM",False,15.5
Oli,Gurmessa,gurm1658@stthomas.edu,"Ireland Duty",2026-02-28,"04:30:00 PM",2026-03-01,"08:00:00 AM",False,15.5
Oli,Gurmessa,gurm1658@stthomas.edu,"Ireland Duty",2026-03-04,"04:30:00 PM",2026-03-05,"08:00:00 AM",False,15.5
Oli,Gurmessa,gurm1658@stthomas.edu,"Ireland Duty",2026-03-12,"03:30:00 PM",2026-03-13,"07:00:00 AM",False,15.5
Oli,Gurmessa,gurm1658@stthomas.edu,"Ireland Duty",2026-03-18,"03:30:00 PM",2026-03-19,"07:00:00 AM",False,15.5
Oli,Gurmessa,gurm1658@stthomas.edu,"Ireland Duty",2026-03-20,"03:30:00 PM",2026-03-21,"07:00:00 AM",False,15.5
Oli,Gurmessa,gurm1658@stthomas.edu,"Ireland Duty",2026-03-21,"03:30:00 PM",2026-03-22,"07:00:00 AM",False,15.5
Oli,Gurmessa,gurm1658@stthomas.edu,"Ireland Duty",2026-04-08,"03:30:00 PM",2026-04-09,"07:00:00 AM",False,15.5
Oli,Gurmessa,gurm1658@stthomas.edu,"Ireland Duty",2026-04-17,"03:30:00 PM",2026-04-18,"07:00:00 AM",False,15.5
Oli,Gurmessa,gurm1658@stthomas.edu,"Ireland Duty",2026-04-18,"03:30:00 PM",2026-04-19,"07:00:00 AM",False,15.5
Oli,Gurmessa,gurm1658@stthomas.edu,"Ireland Duty",2026-04-22,"03:30:00 PM",2026-04-23,"07:00:00 AM",False,15.5
Oli,Gurmessa,gurm1658@stthomas.edu,"Ireland Duty",2026-04-24,"03:30:00 PM",2026-04-25,"07:00:00 AM",False,15.5
Oli,Gurmessa,gurm1658@stthomas.edu,"Ireland Duty",2026-04-25,"03:30:00 PM",2026-04-26,"07:00:00 AM",False,15.5
Oli,Gurmessa,gurm1658@stthomas.edu,"Ireland Duty",2026-05-06,"03:30:00 PM",2026-05-07,"07:00:00 AM",False,15.5
